<?xml version="1.0" encoding="UTF-8"?>
<actions>
        <action>
            <actionName>build</actionName>
            <goals>
                <goal>install</goal>
            </goals>
            <properties>
                <jpda.listen>maven</jpda.listen>
            </properties>
        </action>
        <action>
            <actionName>rebuild</actionName>
            <goals>
                <goal>clean</goal>
                <goal>install</goal>
            </goals>
            <properties>
                <jpda.listen>maven</jpda.listen>
            </properties>
        </action>
        <action>
            <actionName>run</actionName>
            <goals>
                <goal>process-classes</goal>
                <goal>org.codehaus.mojo:exec-maven-plugin:1.2:exec</goal>
            </goals>
            <properties>
                <exec.classpathScope>runtime</exec.classpathScope>
                <exec.args>-classpath %classpath Compile C:\Users\Gabriele\ws\DP4Java\src\test\java\com\mysimpatico\se\dp4java\annotations\SingletonImpl1.java</exec.args>
                <exec.executable>java</exec.executable>
            </properties>
        </action>
        <action>
            <actionName>debug</actionName>
            <goals>
                <goal>process-classes</goal>
                <goal>org.codehaus.mojo:exec-maven-plugin:1.2:exec</goal>
            </goals>
            <properties>
                <exec.classpathScope>runtime</exec.classpathScope>
                <exec.args>-Xdebug -Xrunjdwp:transport=dt_socket,server=n,address=${jpda.address} -classpath %classpath Compile C:\Users\Gabriele\ws\DP4Java\src\test\java\com\mysimpatico\se\dp4java\annotations\SingletonImpl1.java</exec.args>
                <jpda.listen>true</jpda.listen>
                <exec.executable>java</exec.executable>
            </properties>
        </action>
        <action>
            <actionName>profile</actionName>
            <goals>
                <goal>process-classes</goal>
                <goal>org.codehaus.mojo:exec-maven-plugin:1.1.1:exec</goal>
            </goals>
            <properties>
                <exec.args>${profiler.args} -classpath %classpath Compile C:\Users\Gabriele\ws\DP4Java\src\test\java\com\mysimpatico\se\dp4java\annotations\SingletonImpl1.java</exec.args>
                <profiler.action>profile</profiler.action>
                <exec.executable>${profiler.java}</exec.executable>
            </properties>
        </action>
        <action>
            <actionName>test.single</actionName>
            <goals>
                <goal>test-compile</goal>
                <goal>surefire:test</goal>
            </goals>
            <properties>
                <jpda.listen>maven</jpda.listen>
                <test>${className}</test>
            </properties>
        </action>
        <action>
            <actionName>test</actionName>
            <goals>
                <goal>test</goal>
            </goals>
            <properties>
                <jpda.listen>maven</jpda.listen>
            </properties>
        </action>
    </actions>
